<?xml version="1.0" encoding="UTF-8"?>
<project xsi:schemaLocation="http://maven.apache.org/POM/4.0.0 https://maven.apache.org/xsd/maven-4.0.0.xsd" xmlns="http://maven.apache.org/POM/4.0.0"
    xmlns:xsi="http://www.w3.org/2001/XMLSchema-instance">
  <modelVersion>4.0.0</modelVersion>
  <groupId>org.hls</groupId>
  <artifactId>jext.springframework</artifactId>
  <version>1.0</version>
  <dependencies>
    <dependency>
      <groupId>org.neo4j</groupId>
      <artifactId>neo4j-cypher-dsl</artifactId>
      <version>2020.1.1</version>
      <scope>compile</scope>
    </dependency>
    <dependency>
      <groupId>org.neo4j.driver</groupId>
      <artifactId>neo4j-java-driver-spring-boot-starter</artifactId>
      <version>4.1.1.0</version>
      <scope>compile</scope>
    </dependency>
    <dependency>
      <groupId>org.springframework.boot</groupId>
      <artifactId>spring-boot-starter-data-neo4j</artifactId>
      <version>2.3.5.RELEASE</version>
      <scope>compile</scope>
    </dependency>
    <dependency>
      <groupId>javax.persistence</groupId>
      <artifactId>javax.persistence-api</artifactId>
      <version>2.2</version>
      <scope>compile</scope>
    </dependency>
  </dependencies>
  <repositories>
    <repository>
      <id>Local</id>
      <url>file:///jars</url>
    </repository>
  </repositories>
</project>
