vehicle_id,location_id,longitude,latitude
0,4963,55.875779,24.037416
0,4549,55.860962,24.045851
0,3596,55.796809,24.063317
0,3481,55.798284,24.075417
0,3835,55.934023,24.098128
0,1012,55.846052,24.117763
0,1643,55.781147,24.045461
0,1715,55.782223,24.060014
0,4629,55.856803,24.168265
0,1260,55.740946,24.118472
0,1599,55.753475,24.176384
0,3167,55.739892,24.168145
0,4277,55.720435,24.157328
0,750,55.713547,24.161488
0,727,55.771795,24.219928
0,3192,55.708204,24.216962
0,3791,55.719780,24.260946
0,4011,55.725644,24.271912
1,2465,55.092088,22.635965
1,3358,55.071281,22.630254
1,3253,55.105912,22.679713
1,270,55.137235,22.713903
1,634,55.098352,22.795110
1,4614,55.182544,22.820736
1,3061,55.133137,22.928909
1,722,55.190963,22.959657
2,2308,56.149685,24.902685
2,3271,56.115829,24.894235
2,4518,56.133463,24.844029
2,4922,56.209972,24.840476
2,2879,56.234819,24.857394
2,276,56.153958,24.800755
2,889,56.127937,24.765346
3,2048,55.675246,24.181715
3,4104,55.666149,24.176174
3,3925,55.674393,24.267782
3,4826,55.659279,24.090888
3,4063,55.545980,24.206357
3,2620,55.475408,24.138641
3,4986,55.485179,24.260396
3,511,55.432427,24.124300
3,3116,55.431080,24.238607
3,4874,55.430283,24.079188
3,2929,55.393333,24.114671
3,1052,55.380960,24.202113
3,1966,55.381445,24.220291
3,4731,55.353131,24.182488
3,4800,55.349196,24.203176
4,4801,55.336652,24.009820
4,3246,55.291915,24.044338
4,4355,55.414450,23.974918
4,2140,55.206367,24.091301
4,1615,55.298860,24.172736
4,3140,55.472313,23.897565
4,1297,55.194618,24.132240
4,4121,55.409801,23.838386
4,2939,55.152030,24.099518
4,1172,55.137530,24.122913
4,2169,55.091368,24.071249
4,3086,55.170986,24.226528
4,2739,55.067961,24.111226
4,4617,55.204070,24.256767
5,3200,53.840249,24.043955
5,995,53.815559,24.037396
5,2950,53.753909,24.059002
5,4710,53.855509,23.951257
5,4233,53.848499,23.941045
5,1998,53.734880,23.988834
5,4668,53.715941,24.005217
5,702,53.848840,23.830615
5,1919,53.641908,23.908353
5,3184,53.558682,24.065599
5,2131,53.882753,23.788693
5,2329,53.885437,23.750845
5,4177,53.639050,23.811747
5,4607,53.858855,23.745860
5,3459,53.678538,23.771329
5,1323,53.504707,23.989564
5,3245,53.517170,23.867122
5,344,53.688092,23.729095
5,1929,53.668544,23.736211
5,4970,53.505728,23.869106
5,1403,53.543416,23.813989
5,974,53.577974,23.777523
5,2094,53.751929,23.678628
5,267,53.492542,23.846095
5,3745,53.629540,23.709031
5,162,53.427023,23.949000
5,2681,53.485932,23.820571
5,3782,53.733685,23.658325
5,4138,53.415482,23.936312
5,1632,53.706588,23.645096
5,1851,53.412604,23.885175
5,1193,53.682637,23.644659
5,3329,53.753495,23.612107
5,4134,53.417132,23.824859
5,4553,53.621232,23.646830
5,1062,53.434802,23.788467
5,3860,53.653282,23.608698
5,1732,53.362108,23.852872
5,3172,53.303712,23.982801
5,4301,53.297283,23.920058
6,960,54.728303,23.570225
6,1157,54.733434,23.579339
6,1126,54.741907,23.569657
6,3575,54.702264,23.534358
6,3510,54.672915,23.554611
6,4808,54.668339,23.557402
6,3042,54.796109,23.607225
6,4764,54.671940,23.643037
6,4515,54.715783,23.658809
6,849,54.716081,23.661259
6,2635,54.624545,23.614526
6,429,54.636502,23.671120
6,858,54.692158,23.715329
6,3611,54.578192,23.512135
6,4439,54.550124,23.523876
6,4848,54.563148,23.718327
6,2677,54.532890,23.698665
6,1671,54.563198,23.753622
6,114,54.492172,23.787180
6,475,54.554565,23.847175
7,2656,55.322508,23.457250
7,318,55.293909,23.470480
7,4949,55.361469,23.531573
7,3346,55.385843,23.528185
7,2984,55.403449,23.598803
7,4851,55.160780,23.549522
7,989,55.146675,23.694330
7,3560,55.416289,23.762335
7,3932,55.434253,23.761542
7,2530,55.211633,23.767468
7,3010,55.106408,23.730589
7,3430,55.117823,23.752112
7,548,55.121734,23.785588
7,2223,55.161672,23.829793
8,800,55.023890,23.651443
8,2310,54.970071,23.657127
8,3843,55.062232,23.590990
8,2054,55.033140,23.574630
8,509,54.932414,23.667994
8,2023,55.001508,23.735052
8,243,55.046876,23.790741
8,15,55.079147,23.811560
8,2934,55.027408,23.832911
8,1801,55.090128,23.869749
9,243,55.046876,23.790741
10,387,53.060897,23.074763
10,4703,53.058632,23.156395
10,2262,53.075011,22.977737
10,2491,52.976976,23.154343
10,3071,52.989403,23.185746
10,516,53.061817,22.939726
10,667,53.025748,22.936027
10,312,52.947139,23.186130
10,4749,52.873128,23.053915
10,1942,53.048415,23.256202
10,775,52.853811,23.039499
10,2239,52.998690,23.262994
10,4484,52.964440,22.896217
10,4221,52.907239,22.909631
10,4646,52.898584,22.906495
10,4057,52.807803,23.018209
10,4262,52.704794,23.059228
10,1964,52.692435,23.024652
10,714,52.688020,23.073071
11,2179,54.538385,22.986181
11,4491,54.467488,22.989673
11,3997,54.608805,22.944206
11,4730,54.475296,22.934600
11,519,54.519788,22.906867
11,12,54.540373,23.071585
11,4472,54.438545,22.996032
11,4394,54.480327,22.891917
11,2194,54.617161,23.069468
11,307,54.574300,23.115399
11,2100,54.688106,22.950845
11,4016,54.654197,22.866523
11,2152,54.544965,22.812103
11,3440,54.542528,22.801345
11,1709,54.723633,22.908843
11,2105,54.777753,22.983724
11,1058,54.737569,23.110343
11,112,54.770414,23.093058
11,1934,54.674591,22.770261
11,2516,54.729655,22.793317
11,378,54.689487,22.754609
11,4872,54.854250,23.046660
11,3737,54.864413,23.062935
11,275,54.880378,22.857366
11,2796,54.824876,22.768901
11,597,54.702193,22.677440
11,1978,54.821442,22.746855
11,4787,54.827183,22.677843
11,4181,54.912332,22.765751
12,3301,55.043196,24.811766
12,2247,55.045937,24.817662
12,3366,55.003687,24.864668
12,1660,55.066715,24.872482
12,4697,54.959770,24.790780
12,198,55.133929,24.784392
12,4908,54.991602,24.885838
12,360,54.960515,24.874863
12,4433,54.981773,24.674198
12,863,55.081524,24.966158
12,1949,54.864836,24.853482
12,3088,54.908729,24.688362
12,4699,54.889324,24.698421
12,1396,54.835821,24.817240
12,2669,54.836451,24.781988
12,3343,54.847216,24.743499
12,3039,54.821186,24.791720
12,4015,54.807986,24.746135
12,4215,54.790766,24.829614
12,4250,54.764167,24.760097
13,2693,53.552141,23.635902
13,1815,53.495683,23.638661
13,2292,53.553136,23.499534
13,1450,53.462399,23.489423
13,4334,53.437949,23.501019
13,3801,53.636887,23.477825
13,3023,53.384935,23.512228
13,1937,53.416271,23.482199
13,4311,53.410433,23.482259
13,4689,53.387109,23.498114
13,3597,53.546317,23.414668
13,3749,53.598689,23.415013
13,957,53.589727,23.388950
13,2221,53.661729,23.374124
14,4922,56.209972,24.840476
15,192,54.239942,23.458463
15,4068,54.271193,23.466081
15,2057,54.352454,23.407299
15,404,54.439228,23.426484
15,72,54.435104,23.371136
15,4300,54.396541,23.307932
15,562,54.385038,23.289286
15,2270,54.483038,23.401175
15,284,54.395893,23.253382
15,1969,54.474384,23.317878
15,108,54.464197,23.300525
15,4248,54.451682,23.268043
15,1391,54.527055,23.389890
15,2477,54.483259,23.300607
15,4679,54.528003,23.368370
15,3793,54.488122,23.295382
15,1798,54.444639,23.198869
15,681,54.486840,23.223956
15,2213,54.480226,23.196032
15,143,54.544669,23.218355
16,2240,55.313246,24.874464
16,1697,55.322922,24.829384
16,168,55.307043,24.924605
16,227,55.263804,24.841053
16,3743,55.310903,24.955244
16,1770,55.238053,24.928930
16,3764,55.222212,24.923780
16,2490,55.211619,24.910581
16,4513,55.228984,24.952408
16,4157,55.437112,24.885483
16,2742,55.374105,24.975755
16,4004,55.247875,25.005206
16,17,55.251541,25.009306
16,4279,55.271302,24.731507
16,138,55.430830,24.987543
16,2966,55.398811,24.734504
16,1866,55.354433,25.030733
16,3564,55.215790,25.015053
16,1881,55.493009,24.931689
16,2258,55.235158,25.034625
16,1691,55.394646,25.045093
16,2118,55.479925,24.759748
16,3206,55.441343,25.032268
16,3748,55.510876,24.966404
16,3677,55.106741,24.975130
16,405,55.447499,25.050870
16,166,55.218053,25.074749
16,1281,55.519448,24.997399
16,2866,55.334878,25.111085
16,918,55.357393,25.120730
16,3852,55.539371,25.051278
16,3299,55.429560,25.149666
16,3869,55.258842,25.166435
16,4189,55.516435,25.130585
16,2643,55.400964,25.181223
16,2962,55.523980,25.134875
16,3882,55.345457,25.200966
16,2650,55.262229,25.213099
17,4369,53.568801,23.004773
17,3063,53.594021,22.947025
17,1229,53.613438,22.943243
17,3155,53.520685,23.083880
17,663,53.661359,22.949420
17,821,53.492831,23.105942
17,2199,53.701835,22.837432
18,2705,56.182108,25.139331
18,4563,56.188551,25.102797
18,1797,56.164226,25.077205
18,3240,56.099331,25.131853
18,1283,56.160927,25.044067
18,506,56.144127,25.031376
18,3357,56.134700,24.964008
19,2270,54.483038,23.401175
20,2980,55.299098,23.257893
20,4944,55.295378,23.276473
20,239,55.282878,23.216855
20,173,55.253159,23.283291
20,3483,55.200317,23.250023
20,3864,55.163681,23.240381
20,3285,55.159633,23.223126
20,525,55.163592,23.088684
20,2327,55.154034,23.082395
20,1980,55.149735,23.063126
20,3385,55.100927,23.037638
20,2981,55.086748,23.025000
20,4407,55.127196,22.980435
20,1533,55.047517,23.012919
20,3934,54.982690,23.057095
20,407,55.014880,22.912797
20,4154,54.953605,22.929577
20,596,54.892939,22.980277
20,542,54.975670,22.858105
20,2940,54.948058,22.736129
21,3840,52.338713,23.462716
21,2713,52.345417,23.444757
21,4482,52.350002,23.482121
21,828,52.373383,23.450290
21,1019,52.361203,23.536101
21,920,52.256021,23.426576
21,1465,52.431817,23.442355
21,4508,52.333619,23.374755
21,1596,52.363156,23.362449
21,4770,52.274121,23.553368
21,2320,52.215686,23.501394
21,705,52.224684,23.398793
21,3521,52.322626,23.585354
21,1422,52.282044,23.585680
21,3077,52.201628,23.391487
21,2218,52.377119,23.604497
21,2201,52.174620,23.480677
21,4912,52.233406,23.624975
21,6,52.283801,23.646683
21,2676,52.204452,23.633713
21,4684,52.304894,23.672753
21,208,52.462769,23.688055
21,4282,52.400319,23.713303
21,3671,52.404762,23.739991
21,4044,52.320161,23.802188
21,3331,52.397064,23.805099
21,1646,52.431312,23.813371
21,3916,52.392321,23.830025
21,2937,52.290458,23.906260
21,1270,52.280168,23.908818
21,3180,52.517778,23.967944
21,2058,52.563552,23.992091
21,594,52.567753,24.048209
21,3559,52.532102,24.061920
21,2583,52.595772,24.068619
22,1856,54.455432,22.709718
22,1564,54.409651,22.719440
22,4574,54.273320,22.737299
22,4856,54.290186,22.815717
22,1092,54.342933,22.896504
22,3816,54.279444,22.860484
22,2277,54.232090,22.797432
22,2255,54.262932,22.875675
22,2594,54.256221,22.884950
22,4146,54.202837,22.888277
22,884,54.269284,22.963261
23,2620,55.475408,24.138641
24,4129,55.962288,25.017333
24,2852,55.996793,25.017427
24,2471,56.020658,25.044869
24,348,55.983104,25.074223
24,2617,56.037364,25.023473
24,4191,56.033020,25.041878
24,581,56.054094,25.017338
24,2405,56.064915,24.956163
24,3031,56.059885,25.092042
24,3447,56.065875,25.098273
24,4095,56.056694,25.168752
24,1383,56.047217,25.174332
25,770,54.772291,23.154790
25,2683,54.804707,23.149403
25,2811,54.834554,23.228730
25,242,54.879760,23.177407
25,1395,54.802980,23.257688
25,971,54.883090,23.121252
25,48,54.748927,23.298852
25,837,54.949555,23.215215
25,811,54.908372,23.283827
25,4877,54.917364,23.287851
25,1512,54.865248,23.322944
25,1681,54.752105,23.351117
25,2475,54.985453,23.205405
25,1871,54.991699,23.187889
25,4414,54.897986,23.327396
25,2804,54.996137,23.182951
25,694,54.983032,23.274933
25,3505,54.832143,23.383706
25,981,54.987419,23.306367
25,2836,54.837277,23.398519
25,3515,55.036900,23.247574
25,2488,55.004558,23.349346
25,1767,54.812595,23.477554
25,608,55.078319,23.354483
25,170,55.160948,23.269214
25,3719,54.949645,23.493010
25,4201,55.171002,23.279250
25,2550,55.166456,23.316769
25,1708,54.910906,23.542222
25,2233,54.957365,23.526978
25,3269,55.130899,23.417903
25,2943,55.004592,23.524449
25,2461,55.181790,23.378554
25,3847,55.181693,23.397709
25,435,55.240097,23.320432
25,1568,55.162870,23.458389
25,3965,55.232179,23.407484
25,2192,55.270260,23.353904
25,2660,55.263549,23.415550
25,364,55.301834,23.354386
25,2000,55.308953,23.347069
26,4191,56.033020,25.041878
27,548,55.121734,23.785588
28,929,54.714878,24.091935
28,3255,54.689062,24.091030
28,936,54.711969,24.167743
28,4220,54.630934,24.059899
28,3933,54.714259,24.182356
28,209,54.781428,24.019930
28,1699,54.778110,24.005757
28,2795,54.851908,24.111583
28,1894,54.794279,23.986937
28,4555,54.854964,24.052639
28,175,54.874120,24.054607
28,3885,54.903214,23.990074
28,1788,54.928090,24.045586
28,2279,54.891484,23.914111
28,1480,54.960509,23.902944
28,3894,55.032170,24.018345
28,846,55.046309,23.936099
29,2218,52.377119,23.604497
30,2218,52.377119,23.604497
31,2981,55.086748,23.025000
32,4574,54.273320,22.737299
33,2100,54.688106,22.950845
34,4032,53.564910,22.823020
34,3708,53.546632,22.982013
34,1274,53.541215,22.988163
34,3210,53.485362,22.972913
34,131,53.477348,23.063505
34,4636,53.476346,23.088151
35,2981,55.086748,23.025000
36,1152,56.067239,25.262736
36,789,56.058733,25.282179
36,458,56.087224,25.243988
36,4882,56.040693,25.285591
36,2707,56.127333,25.256319
36,1327,56.057137,25.386587
36,4545,55.942852,25.351801
36,3045,55.898368,25.343434
36,3384,56.216269,25.397405
36,1070,56.099882,25.459746
36,2876,56.180887,25.450144
36,2787,55.839121,25.331227
36,2823,56.055584,25.494631
36,1178,56.266657,25.411395
36,4389,56.314199,25.358951
36,3667,56.018220,25.502343
36,98,55.946040,25.498568
36,2591,55.835593,25.427303
36,4314,55.785672,25.354705
36,3851,56.308174,25.427768
36,3267,56.142834,25.528135
36,3383,56.271033,25.472154
36,452,55.961072,25.530960
36,4771,56.311939,25.444243
36,4635,55.758759,25.331912
36,1473,55.888655,25.512164
36,4739,55.763136,25.378741
36,2382,55.769395,25.405254
36,3330,56.235092,25.527479
36,3099,55.934311,25.549858
36,4671,55.798800,25.483066
37,2177,52.748776,23.824397
37,1752,52.795945,23.825756
37,2473,52.792106,23.869276
37,2754,52.697200,23.864186
37,4082,52.816755,23.827460
37,2738,52.837082,23.812463
37,3630,52.711411,23.905238
37,1539,52.804335,23.750325
37,757,52.763589,23.918552
37,372,52.752979,23.922796
37,2287,52.643445,23.796060
37,2563,52.837737,23.744873
37,1120,52.718257,23.713792
37,2880,52.854289,23.896665
37,218,52.648719,23.907854
37,3473,52.666314,23.932247
37,958,52.653318,23.725348
37,345,52.878312,23.889422
37,4535,52.899272,23.833684
37,1588,52.801737,23.955948
37,240,52.899488,23.799012
37,4112,52.608640,23.764274
37,2190,52.696882,23.959136
37,226,52.918722,23.786798
37,1492,52.638580,23.964353
37,1248,52.588810,23.712925
37,3601,52.595088,23.943344
37,2893,52.685321,24.000776
37,1893,52.674402,23.647287
37,3761,52.821674,24.004673
37,4141,52.851727,23.993508
37,1240,52.625297,23.665627
37,2042,52.946820,23.918843
37,206,52.605011,23.994078
37,975,52.953683,23.930218
37,3569,52.552091,23.689661
37,2864,52.765793,23.597372
37,781,52.914026,23.641330
37,4784,52.931917,23.993808
37,1266,52.738888,24.064432
37,2373,52.914008,24.016241
37,1522,52.887281,23.594798
37,612,52.684581,24.080908
37,4084,52.542768,23.626685
37,2822,52.724331,23.547393
37,4519,52.572332,23.581095
37,4985,52.829646,23.536281
37,3092,52.641751,23.541975
37,376,52.617806,23.548475
37,4833,52.583164,23.554881
37,1572,52.883610,23.535125
37,1185,52.885107,23.510901
37,4539,52.928495,23.506917
37,281,52.651180,23.473100
37,427,52.706902,23.456576
37,3096,52.610834,23.474356
37,3850,52.719892,23.445717
37,4297,52.595227,23.466637
37,3076,52.478537,23.450305
37,1161,52.526756,23.382274
37,2938,52.464157,23.391281
37,635,52.462317,23.391432
38,4574,54.273320,22.737299
39,3246,55.291915,24.044338
40,3459,53.678538,23.771329
41,4334,53.437949,23.501019
42,1949,54.864836,24.853482
43,2981,55.086748,23.025000
44,2100,54.688106,22.950845
45,2144,54.746739,23.802773
45,238,54.735137,23.789157
45,3262,54.760804,23.784262
45,3474,54.726386,23.828265
45,2514,54.710608,23.797458
45,2610,54.740081,23.843614
45,3029,54.784493,23.768362
45,347,54.833767,23.767512
45,4604,54.643442,23.809215
45,1440,54.844044,23.860778
45,1860,54.824854,23.883999
45,4162,54.849065,23.740702
45,1124,54.868975,23.886578
45,2328,54.901685,23.848192
45,3890,54.921306,23.833468
45,2133,54.641129,23.933676
45,1765,54.585338,23.892919
45,3308,54.949815,23.749791
46,1410,55.888977,25.216813
46,1832,55.859934,25.190324
46,3316,55.923905,25.180194
46,358,55.924278,25.260351
46,2014,55.886108,25.153276
46,2993,55.977743,25.190464
46,1002,55.982297,25.191916
46,2639,55.981050,25.150074
46,3283,55.758267,25.221190
46,4391,55.815023,25.093908
46,83,55.741295,25.332692
46,3222,55.686287,25.147638
46,1508,55.665644,25.159943
46,3899,55.663974,25.139530
47,3268,55.693746,25.431122
47,2276,55.748371,25.457732
47,2954,55.672063,25.352783
47,434,55.707765,25.522735
47,4712,55.590729,25.435616
47,1376,55.651373,25.342514
47,2533,55.748615,25.514510
47,140,55.716790,25.531608
47,4653,55.591654,25.485035
47,4188,55.570056,25.399436
47,3509,55.556096,25.404213
47,4876,55.694898,25.564255
47,2414,55.657954,25.564808
47,956,55.541156,25.463371
47,1910,55.743088,25.573262
47,291,55.694855,25.585121
47,773,55.519184,25.403819
47,2314,55.548796,25.321187
47,2103,55.532444,25.523614
47,346,55.523365,25.347929
47,2229,55.637064,25.262180
47,1996,55.529752,25.335029
47,3917,55.545571,25.563525
47,1743,55.619579,25.238522
47,4820,55.583856,25.242493
47,1917,55.600858,25.212082
47,2348,55.554457,25.203350
47,3386,55.588098,25.163595
47,2941,55.377988,25.352131
47,876,55.367587,25.333377
47,4427,55.425108,25.221009
48,2742,55.374105,24.975755
49,4545,55.942852,25.351801
50,3792,53.865000,23.080597
50,2168,53.850602,23.058428
50,3458,53.843246,23.128864
50,2636,53.737473,23.070460
50,101,53.746615,23.014171
50,1013,53.735127,23.001645
50,684,53.740168,22.965974
50,313,53.672243,23.065914
50,2146,53.669470,23.104277
50,1357,53.683239,22.982382
50,1,53.661888,23.210435
50,696,53.581710,23.203594
51,4191,56.033020,25.041878
52,898,55.089240,24.413781
52,8,55.134965,24.412326
52,2264,55.033409,24.439830
52,3900,55.161257,24.403560
52,2778,55.119485,24.479614
52,123,55.023363,24.371830
52,1234,54.935295,24.398017
52,1354,54.934640,24.404409
52,1075,55.106723,24.565125
52,4983,55.124620,24.259763
52,854,55.061993,24.572175
52,4411,54.983899,24.545068
52,2685,55.074058,24.576357
52,1613,54.913108,24.383032
52,2376,55.149914,24.254183
52,2492,54.980035,24.558591
52,3177,55.155514,24.243980
52,1591,55.106293,24.224213
52,2085,54.871397,24.439042
52,2121,55.013093,24.601984
52,3056,54.937735,24.563213
52,2751,54.866732,24.363554
52,1636,55.118791,24.625076
52,1087,55.167515,24.630219
52,3814,54.831448,24.399695
52,559,54.936476,24.604824
52,1457,54.913889,24.588791
52,566,54.954242,24.619965
52,788,54.822548,24.427859
52,764,54.804685,24.345172
52,1519,54.810921,24.283746
52,4156,55.187760,24.686220
52,657,54.822924,24.208491
53,4574,54.273320,22.737299
54,3246,55.291915,24.044338
55,3246,55.291915,24.044338
56,722,55.190963,22.959657
57,4545,55.942852,25.351801
58,3509,55.556096,25.404213
59,2981,55.086748,23.025000
60,2270,54.483038,23.401175
61,313,53.672243,23.065914
62,4417,54.108670,23.487520
62,4116,54.104002,23.484472
62,1704,54.159122,23.496762
62,3376,54.141568,23.530436
62,2841,54.157546,23.448001
62,4565,54.175121,23.470181
62,1017,54.101932,23.416392
62,3957,54.148619,23.393500
62,195,53.954210,23.505834
62,4147,53.981576,23.372296
62,183,53.924396,23.412325
62,171,53.961310,23.616696
62,4038,53.978012,23.632101
62,3055,53.887049,23.540898
62,4067,53.890356,23.579991
62,631,53.864110,23.469465
62,504,53.923640,23.325761
62,4041,53.870095,23.581095
62,4252,53.835035,23.488395
62,4422,53.829394,23.445271
62,814,53.932394,23.283293
62,1257,53.824857,23.394980
62,4108,53.896609,23.273887
62,4261,53.938244,23.237746
62,3049,53.771096,23.487321
62,1081,53.771120,23.554321
62,2805,53.786796,23.367878
62,4873,53.762044,23.465524
62,2748,53.755148,23.498947
62,3125,53.763219,23.371317
62,4567,53.726686,23.520663
62,1190,53.745603,23.364013
62,1423,53.742408,23.365563
63,4160,55.953925,25.653413
63,21,55.916048,25.671066
63,636,55.901690,25.648700
63,3475,55.909004,25.616947
63,2914,56.012843,25.627272
63,3153,56.037208,25.637752
63,795,55.887880,25.576850
63,1738,55.959586,25.754094
63,4186,56.066213,25.619349
63,1744,56.078680,25.682308
63,1741,55.799490,25.605292
63,4251,56.123271,25.644429
63,3036,56.050887,25.793904
63,3910,55.990936,25.826518
63,7,56.063287,25.802204
63,1069,55.749175,25.661189
63,158,55.742778,25.639564
63,1547,56.242792,25.610514
63,4075,56.056691,25.926148
63,1931,56.107587,25.918430
63,258,56.134336,25.929530
63,4463,56.084411,25.963575
63,3409,56.132231,25.991499
64,640,54.175488,23.250627
64,3491,54.234129,23.219929
64,66,54.105809,23.245980
64,3455,54.104949,23.270078
64,117,54.212167,23.154503
64,1020,54.108086,23.164661
64,2451,54.274883,23.194940
64,498,54.071475,23.308164
64,1880,54.119456,23.146196
64,3755,54.090487,23.130505
64,1080,54.000924,23.222001
64,4303,54.044885,23.106568
64,2323,54.308288,23.099768
64,3452,53.990517,23.156400
64,3373,54.249862,23.039294
64,4258,54.398091,23.153717
64,1772,54.084181,23.039492
64,4155,54.094105,23.031388
64,2965,54.401151,23.145188
64,880,54.257014,23.018911
64,4624,53.966181,23.096266
64,326,54.373730,23.068451
64,1913,53.921924,23.125206
65,1283,56.160927,25.044067
66,3264,55.858151,25.001534
66,4336,55.828849,24.974617
66,4027,55.769362,24.977024
66,2740,55.738755,24.928341
66,1278,55.737005,24.922177
66,1159,55.693208,25.015723
66,2128,55.766270,24.864149
66,913,55.689546,24.902501
66,2101,55.620939,25.088724
66,4663,55.612596,25.074160
66,315,55.785749,24.735405
66,4715,55.661688,24.785629
66,3165,55.648556,24.795598
66,3778,55.635797,24.799374
66,1520,55.557329,24.850575
66,2425,55.558987,24.820047
66,522,55.812110,24.664359
66,4090,55.809404,24.645979
66,4959,55.580440,24.690043
66,2743,55.560109,24.685571
66,4406,55.611521,24.646851
67,4803,53.271159,23.723961
67,2290,53.267192,23.729679
67,3823,53.292631,23.781639
67,174,53.337552,23.728530
67,3161,53.327760,23.680205
67,1028,53.329428,23.667851
67,1275,53.284587,23.635777
67,3975,53.354998,23.806941
67,1712,53.145430,23.758511
67,2969,53.382817,23.652324
67,3881,53.229624,23.852547
67,2149,53.320007,23.595064
67,3926,53.301323,23.572662
67,4650,53.100502,23.757648
67,2226,53.389476,23.597377
67,3524,53.302668,23.534671
67,3545,53.134427,23.874674
67,1094,53.244624,23.522474
67,2985,53.323817,23.525926
67,1771,53.047665,23.708130
67,1235,53.009669,23.730287
67,1679,53.062433,23.562406
67,2406,53.044127,23.568933
67,78,53.178740,23.974995
67,4666,53.004327,23.620297
67,4287,53.134984,23.961226
67,715,53.025624,23.890011
67,3605,52.993353,23.603034
67,1557,53.184255,23.453261
67,2920,53.163819,23.431201
67,4642,53.066197,23.474818
67,2494,52.979842,23.551059
67,58,53.096820,23.434494
67,1150,52.963592,23.949662
67,2097,53.002598,23.448823
67,3735,53.089685,23.394402
68,1283,56.160927,25.044067
69,4545,55.942852,25.351801
70,3509,55.556096,25.404213
71,2742,55.374105,24.975755
72,1949,54.864836,24.853482
73,1921,51.615080,24.093333
73,3336,51.604304,24.141566
73,1308,51.674830,24.054871
73,4824,51.590328,24.196376
73,139,51.722480,24.205138
73,1340,51.601471,24.249092
73,1989,51.627086,24.277399
73,1947,51.766888,23.960641
73,1420,51.592710,24.348516
73,3021,51.843526,23.906239
73,3239,51.835756,23.879555
73,743,51.815084,23.838886
73,4988,51.891581,23.904981
73,1377,51.911543,23.920039
73,40,51.956227,23.958057
73,3811,52.006534,23.943898
73,3606,51.939730,23.805657
73,1918,51.960042,23.776308
73,1023,52.105223,23.921087
73,3532,52.096717,23.832629
73,3772,52.170575,23.969116
73,3225,51.999789,23.674205
73,3354,52.169337,23.861608
73,2958,51.988090,23.647251
73,3662,52.066628,23.709311
73,753,51.992530,23.641856
73,3523,52.212989,23.914294
73,2935,52.090869,23.713340
73,3954,52.059030,23.675735
73,2001,52.127218,23.705173
73,3859,52.163250,23.741108
73,2667,52.104554,23.673040
73,232,52.124688,23.658484
73,2529,52.104114,23.598671
73,3610,52.099121,23.481073
74,1738,55.959586,25.754094
75,313,53.672243,23.065914
76,2270,54.483038,23.401175
77,4929,53.528811,23.287520
77,2964,53.546935,23.260706
77,283,53.518212,23.345418
77,1436,53.489323,23.234033
77,2122,53.480939,23.349672
77,3305,53.485086,23.369892
77,2324,53.439046,23.235686
77,2772,53.484564,23.190115
77,1004,53.402815,23.362676
77,4717,53.396074,23.181700
77,4031,53.353348,23.318787
77,1348,53.372751,23.415865
77,2686,53.286289,23.181610
77,1385,53.282466,23.167326
77,4023,53.230381,23.312897
77,2692,53.186203,23.233432
77,3966,53.176690,23.344613
77,4660,53.160883,23.265993
77,1196,53.100089,23.277410
77,4405,53.092583,23.274598
77,2860,53.088980,23.317235
78,2100,54.688106,22.950845
79,4545,55.942852,25.351801
80,243,55.046876,23.790741
81,2100,54.688106,22.950845
82,4574,54.273320,22.737299
83,1274,53.541215,22.988163
84,3509,55.556096,25.404213
85,3246,55.291915,24.044338
86,4864,54.119082,23.735184
86,2197,54.128256,23.727613
86,4987,54.140425,23.699240
86,4556,54.093338,23.792993
86,4867,54.061053,23.845021
86,2848,54.055742,23.843403
86,2018,54.265061,23.725011
86,1870,54.254221,23.795828
86,943,53.970664,23.709368
86,1657,54.150457,23.876837
86,2698,54.286879,23.747295
86,4907,54.194127,23.880514
86,1730,54.080736,23.897510
86,3105,54.225539,23.870703
86,4098,54.269900,23.836191
86,4579,54.312072,23.770878
86,4131,54.052479,23.934433
86,551,54.284434,23.880082
86,4477,53.942223,23.869073
86,1195,54.033587,23.935935
86,1747,54.359628,23.776085
86,3627,54.309948,23.877317
86,4294,54.142562,23.961381
86,2899,54.288236,23.906022
86,4706,54.387734,23.719569
86,3104,54.050125,24.015694
86,3279,54.434901,23.807361
86,1374,54.303484,23.991060
86,2789,54.320237,23.985748
86,4846,54.237231,24.031026
86,2871,54.375531,23.946174
86,2388,54.239336,24.031650
86,752,54.242264,24.057785
86,426,53.936295,24.033883
86,875,54.468770,23.891717
86,2092,54.501215,23.811510
86,314,54.228291,24.079183
86,2885,54.315704,24.057126
86,285,54.449358,23.958835
86,950,54.354589,24.048102
86,1977,54.330768,24.072935
86,63,54.121530,24.144287
86,2462,54.475759,23.985521
86,2614,54.391055,24.080957
86,645,54.556772,23.967910
86,334,54.429589,24.110404
86,949,54.413047,24.153648
86,2002,53.874474,24.190066
86,4775,54.561448,24.045104
86,1585,54.177572,24.284191
86,2200,54.108707,24.299542
86,3226,54.125614,24.310342
87,2620,55.475408,24.138641
88,1283,56.160927,25.044067
89,313,53.672243,23.065914
90,2218,52.377119,23.604497
91,4877,54.917364,23.287851
92,2981,55.086748,23.025000
93,4574,54.273320,22.737299
94,4369,53.568801,23.004773
95,313,53.672243,23.065914
96,1949,54.864836,24.853482
97,548,55.121734,23.785588
98,1987,55.383865,24.609993
98,1810,55.413176,24.637597
98,3819,55.412199,24.639416
98,2680,55.297416,24.574501
98,1959,55.488033,24.619300
98,4950,55.494809,24.625670
98,125,55.267600,24.627526
98,332,55.345263,24.499492
98,2834,55.459263,24.511891
98,410,55.396297,24.487027
98,4724,55.422269,24.448653
98,2535,55.576055,24.622567
98,4561,55.434538,24.432971
98,4542,55.404353,24.403894
98,1451,55.515491,24.426782
98,1401,55.599941,24.498950
98,1534,55.633707,24.547681
98,2470,55.609576,24.485790
98,4978,55.656151,24.539555
98,1433,55.395339,24.350658
98,2238,55.694141,24.556564
98,269,55.239709,24.351366
98,4932,55.305656,24.326719
98,1962,55.226537,24.343122
98,4115,55.703658,24.510479
98,1518,55.664931,24.413535
98,3958,55.274620,24.301764
98,1197,55.481732,24.280933
98,3235,55.295382,24.276729
98,1300,55.693366,24.360892
98,4329,55.778521,24.393556
99,1278,55.737005,24.922177
100,2620,55.475408,24.138641
101,4031,53.353348,23.318787
102,4574,54.273320,22.737299
103,4574,54.273320,22.737299
104,4965,54.635613,24.600193
104,3930,54.697593,24.585062
104,3807,54.662511,24.535469
104,2410,54.700794,24.660524
104,4305,54.743980,24.718607
104,903,54.795824,24.481043
104,1254,54.722476,24.418251
104,3032,54.611570,24.391772
104,4218,54.536194,24.406768
104,298,54.488587,24.414603
104,851,54.492032,24.373415
104,2267,54.771784,24.365834
104,2875,54.598220,24.324399
104,1818,54.728518,24.319659
104,1306,54.541404,24.299007
104,4274,54.704556,24.232014
104,4078,54.609864,24.224852
104,1911,54.592871,24.181840
105,548,55.121734,23.785588
106,1278,55.737005,24.922177
107,4369,53.568801,23.004773
108,1905,54.513534,23.460425
108,1885,54.497049,23.493652
108,707,54.432650,23.510118
108,3908,54.217462,23.570752
109,1738,55.959586,25.754094
110,2742,55.374105,24.975755
111,3246,55.291915,24.044338
112,3930,54.697593,24.585062
113,2264,55.033409,24.439830
114,1278,55.737005,24.922177
115,1738,55.959586,25.754094
116,3930,54.697593,24.585062
117,4749,52.873128,23.053915
118,1274,53.541215,22.988163
119,3509,55.556096,25.404213
120,4545,55.942852,25.351801
121,4922,56.209972,24.840476
122,3930,54.697593,24.585062
123,4369,53.568801,23.004773
124,3459,53.678538,23.771329
125,4549,55.860962,24.045851
126,2270,54.483038,23.401175
127,4574,54.273320,22.737299
128,243,55.046876,23.790741
129,313,53.672243,23.065914
130,548,55.121734,23.785588
131,1949,54.864836,24.853482
132,1278,55.737005,24.922177
133,2620,55.475408,24.138641
134,1283,56.160927,25.044067
135,548,55.121734,23.785588
136,1738,55.959586,25.754094
137,3650,52.550867,23.125997
137,3893,52.563167,23.125692
137,4304,52.570549,23.099886
137,4085,52.551870,23.070345
137,3464,52.516253,23.176051
137,1914,52.617246,23.128610
137,575,52.600903,23.191222
137,2459,52.491556,23.064202
137,4335,52.459246,23.188238
137,2340,52.657626,23.165530
137,4592,52.570795,23.020099
137,215,52.497290,23.014059
137,2524,52.672430,23.242195
137,392,52.691856,23.222926
137,3191,52.537306,23.296028
137,3342,52.380836,23.202942
137,3248,52.685597,23.252329
137,3739,52.610867,23.294272
137,4468,52.536759,23.309228
137,4885,52.375600,23.227094
137,4070,52.723580,23.236224
137,3638,52.684487,23.282049
137,1583,52.712650,23.259137
137,3813,52.775394,23.167312
137,2130,52.589579,23.333676
137,2537,52.575014,23.344573
137,683,52.745978,23.291683
137,4921,52.799759,23.217757
137,1965,52.782505,23.275105
137,4796,52.631508,23.382448
137,2870,52.660030,23.395996
137,1321,52.693693,23.391162
137,1634,52.750497,23.377577
137,891,52.894512,23.246742
137,393,52.900335,23.267740
137,872,52.894090,23.355715
137,2725,52.887571,23.392024
137,4223,52.829520,23.458366
137,626,52.905859,23.433706
138,4549,55.860962,24.045851
139,3296,53.353820,23.140416
139,4520,53.381663,23.133727
139,4074,53.332367,23.110661
139,4790,53.341726,23.095503
139,1850,53.396757,23.028373
139,413,53.227690,23.111326
139,2352,53.203002,23.123839
139,3527,53.326087,22.996299
139,558,53.191153,23.101654
139,1705,53.303054,22.989951
139,411,53.431567,22.992869
139,569,53.304943,22.934960
139,818,53.165734,22.951605
139,3580,53.415606,22.872732
139,2857,53.103896,22.937133
140,4833,52.583164,23.554881
141,1905,54.513534,23.460425
142,1880,54.119456,23.146196
143,1949,54.864836,24.853482
144,2742,55.374105,24.975755
145,4369,53.568801,23.004773
146,183,53.924396,23.412325
147,2981,55.086748,23.025000
148,1832,55.859934,25.190324
149,4439,54.550124,23.523876
150,4545,55.942852,25.351801
151,1949,54.864836,24.853482
152,1880,54.119456,23.146196
153,1480,54.960509,23.902944
154,3930,54.697593,24.585062
155,4877,54.917364,23.287851
156,4833,52.583164,23.554881
157,3509,55.556096,25.404213
158,4549,55.860962,24.045851
159,3248,52.685597,23.252329
160,4439,54.550124,23.523876
161,4549,55.860962,24.045851
162,3930,54.697593,24.585062
163,1905,54.513534,23.460425
164,1480,54.960509,23.902944
165,4749,52.873128,23.053915
166,3509,55.556096,25.404213
167,2100,54.688106,22.950845
168,722,55.190963,22.959657
169,4877,54.917364,23.287851
170,1274,53.541215,22.988163
171,1274,53.541215,22.988163
172,1738,55.959586,25.754094
173,1278,55.737005,24.922177
174,704,54.094581,22.871222
174,1345,54.094157,22.870858
174,2727,54.064916,22.861947
174,84,54.143749,22.892434
174,3956,53.991162,22.875063
174,785,54.022660,22.763450
174,4504,53.919804,22.836172
174,3995,53.912949,22.960055
174,3649,53.830104,22.837810
174,1580,53.825675,22.808098
175,2264,55.033409,24.439830
176,4128,56.308084,24.999832
176,1846,56.319800,24.985294
176,2220,56.314204,25.028999
176,4948,56.253273,25.046334
176,1111,56.338351,25.070372
176,2449,56.210273,25.032172
176,1825,56.333486,25.165846
176,3070,56.282355,25.170744
176,111,56.339754,25.243068
176,3918,56.304419,25.247592
176,2627,56.370393,25.325084
176,4139,56.381253,25.324703
177,1274,53.541215,22.988163
178,1880,54.119456,23.146196
179,2270,54.483038,23.401175
180,4574,54.273320,22.737299
181,548,55.121734,23.785588
182,1738,55.959586,25.754094
183,4907,54.194127,23.880514
184,2945,52.854937,24.107340
184,3760,52.896971,24.092698
184,2978,52.824863,24.140437
184,1840,52.910845,24.065129
184,1204,52.968212,24.058205
184,2059,52.999247,24.107225
184,1164,53.053718,24.087788
184,4342,53.115613,23.992205
184,1064,53.172370,24.024799
184,196,53.274308,24.067404
184,418,53.299529,24.042101
184,1331,53.291877,23.994726
184,709,53.369945,24.086127
184,2952,53.386389,24.095968
184,4382,53.391702,24.087932
184,3337,53.448683,24.045978
184,1101,53.412347,24.387776
184,2050,53.703681,24.205982
185,3459,53.678538,23.771329
186,4334,53.437949,23.501019
187,4545,55.942852,25.351801
188,2981,55.086748,23.025000
189,4542,55.404353,24.403894
190,1101,53.412347,24.387776
191,3246,55.291915,24.044338
192,3246,55.291915,24.044338
193,243,55.046876,23.790741
194,4439,54.550124,23.523876
195,4439,54.550124,23.523876
196,4542,55.404353,24.403894
197,4549,55.860962,24.045851
198,4922,56.209972,24.840476
199,4907,54.194127,23.880514
